byline,headline
"Von Thomas Fromm, Max Hägler und Klaus Ott",BMW fühlt sich von Daimler hintergangen
Von Johannes Kuhn,McCain rettet Gesundheitsreform der Republikaner vor dem Aus
Von Werner Bartens,Männer produzieren weniger Spermien
,"Video

Deutscher Wetterdienst warnt vor ""beeindruckenden Regenmengen"""
,Mourinho spottet über Guardiolas Kaufrausch
,Kettensägen-Angriff von Schaffhausen: Tatverdächtiger gefasst
Von Carolin Wahnbaeck,"Giftige Schuhe, stinkende Handtaschen"
Von Lara Fritzsche,Wenn das Kleinkind das Smartphone kapert
